{
  "$schema": "http://schema.management.azure.com/schemas/2015-01-01/deploymentTemplate.json#",
  "contentVersion": "1.0.0.0",
  "parameters": {
    "siteName": {
      "type": "string",
      "metadata": {
        "description": "Name of Azure Website"
      }
    },
    "hostingPlanName": {
      "type": "string",
      "metadata": {
        "description": "Name of Azure App Service Plan"
      }
    },
    "sku": {
      "type": "string",
      "allowedValues": [
        "Basic",
        "Standard",
        "Premium"
      ],
      "defaultValue": "Standard",
      "metadata": {
        "description": "The type of Azure App Service Plan"
      }
    },
    "workerSize": {
      "type": "string",
      "allowedValues": [
        "0",
        "1",
        "2"
      ],
      "defaultValue": "1",
      "metadata": {
        "description": "Used in conjuction with the SKU to select the App Service Plan (Cores & RAM etc). Worker Size (0=Small 1=Medium 2=Large)"
      }
    },
    "sqlServerName": {
      "type": "string",
      "metadata": {
        "description": "SQL Azure DB Server name"
      }
    },
    "administratorLogin": {
      "type": "string",
      "metadata": {
        "description": "SQL Azure DB administrator username"
      }
    },
    "administratorLoginPassword": {
      "type": "securestring",
      "metadata": {
        "description": "SQL Azure DB administrator password"
      }
    },
    "databaseName": {
      "type": "string",
      "metadata": {
        "description": "Database name"
      }
    }
  },
  "resources": [
    {
      "apiVersion": "2014-04-01-preview",
      "name": "[parameters('sqlServerName')]",
      "type": "Microsoft.Sql/servers",
      "location": "[resourceGroup().location]",
      "properties": {
        "administratorLogin": "[parameters('administratorLogin')]",
        "administratorLoginPassword": "[parameters('administratorLoginPassword')]"
      },
      "resources": [
        {
          "apiVersion": "2014-04-01-preview",
          "name": "[parameters('databaseName')]",
          "type": "databases",
          "location": "[resourceGroup().location]",
          "dependsOn": [
            "[concat('Microsoft.Sql/servers/', parameters('sqlServerName'))]"
          ],
          "properties": {
            "edition": "Standard",
            "collation": "SQL_Latin1_General_CP1_CI_AS",
            "maxSizeBytes": "21474836480", 
            "requestedServiceObjectiveId": "455330e1-00cd-488b-b5fa-177c226f28b7"
          }
        },
        {
          "apiVersion": "2014-04-01-preview",
          "name": "AllowAllWindowsAzureIps",
          "type": "firewallrules",
          "location": "[resourceGroup().location]",
          "dependsOn": [
            "[concat('Microsoft.Sql/servers/', parameters('sqlServerName'))]"
          ],
          "properties": {
            "endIpAddress": "0.0.0.0",
            "startIpAddress": "0.0.0.0"
          }
        }
      ]
    },
    {
      "apiVersion": "2014-06-01",
      "name": "[parameters('hostingPlanName')]",
      "type": "Microsoft.Web/serverFarms",
      "location": "[resourceGroup().location]",
      "properties": {
        "name": "[parameters('hostingPlanName')]",
        "sku": "[parameters('sku')]",
        "workerSize": "[parameters('workerSize')]",
        "numberOfWorkers": 1
      }
    },
    {
      "apiVersion": "2015-02-01",
      "name": "[parameters('siteName')]",
      "type": "Microsoft.Web/Sites",
      "location": "[resourceGroup().location]",
      "tags": {
        "[concat('hidden-related:', '/subscriptions/', subscription().subscriptionId,'/resourcegroups/', resourceGroup().name, '/providers/Microsoft.Web/serverfarms/', parameters('hostingPlanName'))]": "empty"
      },
      "dependsOn": [
        "[concat('Microsoft.Web/serverFarms/', parameters('hostingPlanName'))]"
      ],
      "properties": {
        "name": "[parameters('siteName')]",
        "serverFarmId": "[concat('/subscriptions/', subscription().subscriptionId,'/resourcegroups/', resourceGroup().name, '/providers/Microsoft.Web/serverfarms/', parameters('hostingPlanName'))]"
        
      },
      "resources": [
        {
          "apiVersion": "2015-08-01",
          "name": "web",
          "type": "sourcecontrols",
          "dependsOn": [
            "[concat('Microsoft.Web/sites/', parameters('siteName'))]"
          ],
          "properties": {
            "RepoUrl": "https://github.com/Sitefinity/azure-sample-app",
            "branch": "master",
            "IsManualIntegration": true
          }
        },
        {
          "apiVersion": "2015-04-01",
          "name": "connectionstrings",
          "type": "config",
          "dependsOn": [
            "[concat('Microsoft.Web/sites/', parameters('siteName'))]",
            "[concat('Microsoft.Web/sites/', parameters('siteName'),'/sourcecontrols/web')]",
            "[concat('Microsoft.Sql/servers/', parameters('sqlServerName'), '/databases/', parameters('databaseName'))]"
          ],
          "properties": {
            "defaultConnection": {
              "name": "defaultConnection",
              "value": "[concat('Data Source=tcp:', reference(concat('Microsoft.Sql/servers/', parameters('sqlServerName'))).fullyQualifiedDomainName, ',1433;Initial Catalog=', parameters('databaseName'), ';User Id=', parameters('administratorLogin'), '@', parameters('sqlServerName'), ';Password=', parameters('administratorLoginPassword'),';')]",
              "type": "SQLAzure"
            }
          }
        },
        {
          "name": "appsettings",
          "type": "config",
          "apiVersion": "2015-08-01",
          "dependsOn": [
            "[resourceId('Microsoft.Web/Sites', parameters('siteName'))]"
          ],
          "tags": {
            "displayName": "AppKey"
          },
          "properties": {
            "sf-env:ConnectionStringParams:defaultConnection": "Backend=azure",
            "sf-env:ConnectionStringName": "defaultConnection"          
          }
        }
      ]
    }
  ]
}
